<?xml version="1.0" encoding="UTF-8"?>
<Configuration status="WARN">
  <Appenders>
    <Console name="Console" target="SYSTEM_OUT">
      <PatternLayout pattern="[%p] %d{MM-dd HH:mm:ss} [%t] %c{1} : %m%n"/>
    </Console>
        
         <!-- 这个会打印出所有的info及以下级别的信息，每次大小超过size，则这size大小的日志会自动存入按年份-月份建立的文件夹下面并进行压缩，作为存档-->
         <RollingFile name="RollingFileInfo" fileName="info.log"
                      filePattern="info-%d{yyyy-MM-dd}-%i.log">
             <PatternLayout pattern="[%p] %d{MM-dd HH:mm:ss} [%t] %c{1} : %m%n"/>
             <ThresholdFilter level="info" onMatch="ACCEPT" onMismatch="DENY"/>
             <Policies>
                 <TimeBasedTriggeringPolicy/>
                 <SizeBasedTriggeringPolicy size="20 MB"/>
             </Policies>
         </RollingFile>
		<!-- 这个会打印出所有的error及以下级别的信息，每次大小超过size，则这size大小的日志会自动存入按年份-月份建立的文件夹下面并进行压缩，作为存档-->
         <RollingFile name="RollingFileError" fileName="error.log"
                      filePattern="error-%d{yyyy-MM-dd}-%i.log">
             <PatternLayout pattern="[%p] %d{MM-dd HH:mm:ss} [%t] %c{1} : %m%n"/>
             <ThresholdFilter level="error" onMatch="ACCEPT" onMismatch="DENY"/>
             <Policies>
                 <TimeBasedTriggeringPolicy/>
                 <SizeBasedTriggeringPolicy size="20 MB"/>
             </Policies>
         </RollingFile>  
<!-- 这个会打印出所有的error及以下级别的信息，每次大小超过size，则这size大小的日志会自动存入按年份-月份建立的文件夹下面并进行压缩，作为存档-->
         <RollingFile name="RollingFileWarn" fileName="warn.log"
                      filePattern="error-%d{yyyy-MM-dd}-%i.log">
             <PatternLayout pattern="[%p] %d{MM-dd HH:mm:ss} [%t] %c{1} : %m%n"/>
             <ThresholdFilter level="warn" onMatch="ACCEPT" onMismatch="DENY"/>
             <Policies>
                 <TimeBasedTriggeringPolicy/>
                 <SizeBasedTriggeringPolicy size="20 MB"/>
             </Policies>
         </RollingFile>                 
         </Appenders>
  <Loggers>
    <Root level="info">
       <AppenderRef ref="RollingFileInfo"/>
       <AppenderRef ref="RollingFileError"/>
       <AppenderRef ref="RollingFileWarn"/>
      <AppenderRef ref="Console"/>
    </Root>
  </Loggers>
</Configuration>